<!DOCTYPE hibernate-configuration PUBLIC
        "-//Hibernate/Hibernate Configuration DTD 3.0//EN"
        "http://hibernate.sourceforge.net/hibernate-configuration-3.0.dtd">
<hibernate-configuration>
    <session-factory>
        <!-- Database connection settings -->
        <property name="hibernate.connection.driver_class">org.postgresql.Driver</property>
        <property name="hibernate.connection.url">jdbc:postgresql://localhost:5432/yourdatabase</property>
        <property name="hibernate.connection.username">yourusername</property>
        <property name="hibernate.connection.password">yourpassword</property>

        <!-- JDBC connection pool settings -->
        <property name="hibernate.c3p0.min_size">5</property>
        <property name="hibernate.c3p0.max_size">20</property>
        <property name="hibernate.c3p0.timeout">300</property>
        <property name="hibernate.c3p0.max_statements">50</property>
        <property name="hibernate.c3p0.idle_test_period">3000</property>

        <!-- SQL dialect -->
        <property name="hibernate.dialect">org.hibernate.dialect.PostgreSQLDialect</property>

        <!-- Echo all executed SQL to stdout -->
        <property name="hibernate.show_sql">true</property>

        <!-- Drop and re-create the database schema on startup -->
        <property name="hibernate.hbm2ddl.auto">update</property>

        <!-- Specify the entities -->
        <mapping class="org.example.User"/>
    </session-factory>
</hibernate-configuration>
